Date,Shortage
2014-01-01,-49.0
2014-01-02,-72.0
2014-01-03,-68.0
2014-01-04,-109.0
2014-01-05,-30.0
2014-01-06,-48.0
2014-01-07,-92.0
2014-01-08,-73.0
2014-01-09,-29.0
2014-01-10,-46.0
2014-01-11,-19.0
2014-01-12,-59.0
2014-01-13,-3.0
2014-01-14,-25.0
2014-01-15,-64.0
2014-01-16,-100.0
2014-01-17,-88.0
2014-01-18,-46.0
2014-01-19,47.0
2014-01-20,-29.0
2014-01-21,-52.0
2014-01-22,-150.0
2014-01-23,-75.0
2014-01-24,-29.0
2014-01-25,-69.0
2014-01-26,-75.0
2014-01-27,-72.0
2014-01-28,-63.0
2014-01-29,-111.0
2014-01-30,-74.0
2014-01-31,-15.0
2014-02-01,-65.0
2014-02-02,-38.0
2014-02-03,-72.0
2014-02-04,-94.0
2014-02-05,-42.0
2014-02-06,-132.0
2014-02-07,-15.0
2014-02-08,-39.0
2014-02-09,-69.0
2014-02-10,-15.0
2014-02-11,-19.0
2014-02-12,-40.0
2014-02-13,-32.0
2014-02-14,-78.0
2014-02-15,-37.0
2014-02-16,-40.0
2014-02-17,-34.0
2014-02-18,-99.0
2014-02-19,-123.0
2014-02-20,-59.0
2014-02-21,-160.0
2014-02-22,-101.0
2014-02-23,-60.0
2014-02-24,-66.0
2014-02-25,1.0
2014-02-26,-25.0
2014-02-27,-50.0
2014-02-28,-45.0
2014-03-01,-46.0
2014-03-02,-80.0
2014-03-03,-95.0
2014-03-04,-41.0
2014-03-05,-68.0
2014-03-06,-10.0
2014-03-07,-51.0
2014-03-08,-29.0
2014-03-09,-45.0
2014-03-10,-135.0
2014-03-11,-122.0
2014-03-12,-18.0
2014-03-13,-18.0
2014-03-14,0.0
2014-03-15,63.0
2014-03-16,9.0
2014-03-17,-2.0
2014-03-18,-33.0
2014-03-19,-16.0
2014-03-20,0.0
2014-03-21,-129.0
2014-03-22,50.0
2014-03-23,31.0
2014-03-24,32.0
2014-03-25,-29.0
2014-03-26,-23.0
2014-03-27,-26.0
2014-03-28,-26.0
2014-03-29,-3.0
2014-03-30,-9.0
2014-03-31,-78.0
2014-04-01,-6.0
2014-04-02,13.0
2014-04-03,-18.0
2014-04-04,-80.0
2014-04-05,-34.0
2014-04-06,-48.0
2014-04-07,35.0
2014-04-08,-59.0
2014-04-09,-49.0
2014-04-10,-15.0
2014-04-11,26.0
2014-04-12,-42.0
2014-04-13,-98.0
2014-04-14,-36.0
2014-04-15,0.0
2014-04-16,2.0
2014-04-17,-45.0
2014-04-18,17.0
2014-04-19,-94.0
2014-04-20,-38.0
2014-04-21,-63.0
2014-04-22,12.0
2014-04-23,3.0
2014-04-24,-50.0
2014-04-25,46.0
2014-04-26,38.0
2014-04-27,-60.0
2014-04-28,-58.0
2014-04-29,-47.0
2014-04-30,4.0
2014-05-01,55.0
2014-05-02,47.0
2014-05-03,23.0
2014-05-04,16.0
2014-05-05,25.0
2014-05-06,70.0
2014-05-07,31.0
2014-05-08,22.0
2014-05-09,34.0
2014-05-10,-7.0
2014-05-11,23.0
2014-05-12,12.0
2014-05-13,50.0
2014-05-14,15.0
2014-05-15,36.0
2014-05-16,-63.0
2014-05-17,-29.0
2014-05-18,52.0
2014-05-19,11.0
2014-05-20,-19.0
2014-05-21,55.0
2014-05-22,-24.0
2014-05-23,29.0
2014-05-24,37.0
2014-05-25,-27.0
2014-05-26,23.0
2014-05-27,-15.0
2014-05-28,-19.0
2014-05-29,-29.0
2014-05-30,-22.0
2014-05-31,-32.0
2014-06-01,7.0
2014-06-02,8.0
2014-06-03,1.0
2014-06-04,-31.0
2014-06-05,-15.0
2014-06-06,-39.0
2014-06-07,-79.0
2014-06-08,0.0
2014-06-09,-51.0
2014-06-10,-59.0
2014-06-11,-24.0
2014-06-12,-21.0
2014-06-13,-65.0
2014-06-14,20.0
2014-06-15,-51.0
2014-06-16,-59.0
2014-06-17,-45.0
2014-06-18,-28.0
2014-06-19,-4.0
2014-06-20,-4.0
2014-06-21,-27.0
2014-06-22,-46.0
2014-06-23,-67.0
2014-06-24,-75.0
2014-06-25,-15.0
2014-06-26,-30.0
2014-06-27,-66.0
2014-06-28,-58.0
2014-06-29,-99.0
2014-06-30,-62.0
2014-07-01,-21.0
2014-07-02,-83.0
2014-07-03,-121.0
2014-07-04,-124.0
2014-07-05,-78.0
2014-07-06,-73.0
2014-07-07,-118.0
2014-07-08,-19.0
2014-07-09,-62.0
2014-07-10,-62.0
2014-07-11,-85.0
2014-07-12,-165.0
2014-07-13,-105.0
2014-07-14,-94.0
2014-07-15,-98.0
2014-07-16,-104.0
2014-07-17,-52.0
2014-07-18,-41.0
2014-07-19,30.0
2014-07-20,-72.0
2014-07-21,-80.0
2014-07-22,-94.0
2014-07-23,-71.0
2014-07-24,-108.0
2014-07-25,-39.0
2014-07-26,-110.0
2014-07-27,-114.0
2014-07-28,-70.0
2014-07-29,-79.0
2014-07-30,-114.0
2014-07-31,-103.0
2014-08-01,-84.0
2014-08-02,-75.0
2014-08-03,26.0
2014-08-04,-57.0
2014-08-05,-42.0
2014-08-06,-9.0
2014-08-07,40.0
2014-08-08,-25.0
2014-08-09,-51.0
2014-08-10,-18.0
2014-08-11,-50.0
2014-08-12,-11.0
2014-08-13,39.0
2014-08-14,-55.0
2014-08-15,2.0
2014-08-16,24.0
2014-08-17,100.0
2014-08-18,-65.0
2014-08-19,-34.0
2014-08-20,-72.0
2014-08-21,27.0
2014-08-22,7.0
2014-08-23,86.0
2014-08-24,0.0
2014-08-25,7.0
2014-08-26,51.0
2014-08-27,44.0
2014-08-28,13.0
2014-08-29,-20.0
2014-08-30,-32.0
2014-08-31,-6.0
2014-09-01,12.0
2014-09-02,8.0
2014-09-03,3.0
2014-09-04,14.0
2014-09-05,-64.0
2014-09-06,-65.0
2014-09-07,-90.0
2014-09-08,-78.0
2014-09-09,-38.0
2014-09-10,-29.0
2014-09-11,-78.0
2014-09-12,-26.0
2014-09-13,-37.0
2014-09-14,-45.0
2014-09-15,-43.0
2014-09-16,-41.0
2014-09-17,-49.0
2014-09-18,-80.0
2014-09-19,-17.0
2014-09-20,-44.0
2014-09-21,-70.0
2014-09-22,-68.0
2014-09-23,-66.0
2014-09-24,-69.0
2014-09-25,-34.0
2014-09-26,-34.0
2014-09-27,-99.0
2014-09-28,-40.0
2014-09-29,-26.0
2014-09-30,6.0
2014-10-01,-3.0
2014-10-02,-31.0
2014-10-03,3.0
2014-10-04,-42.0
2014-10-05,-82.0
2014-10-06,-16.0
2014-10-07,-86.0
2014-10-08,-112.0
2014-10-09,-44.0
2014-10-10,2.0
2014-10-11,-6.0
2014-10-12,-36.0
2014-10-13,-51.0
2014-10-14,-38.0
2014-10-15,-3.0
2014-10-16,-20.0
2014-10-17,-53.0
2014-10-18,-37.0
2014-10-19,-54.0
2014-10-20,-46.0
2014-10-21,-32.0
2014-10-22,-11.0
2014-10-23,-13.0
2014-10-24,-4.0
2014-10-25,-39.0
2014-10-26,-18.0
2014-10-27,-25.0
2014-10-28,-16.0
2014-10-29,-67.0
2014-10-30,-42.0
2014-10-31,-29.0
2014-11-01,-55.0
2014-11-02,-69.0
2014-11-03,-103.0
2014-11-04,-35.0
2014-11-05,-69.0
2014-11-06,15.0
2014-11-07,-38.0
2014-11-08,-33.0
2014-11-09,-15.0
2014-11-10,-96.0
2014-11-11,31.0
2014-11-12,-42.0
2014-11-13,-11.0
2014-11-14,1.0
2014-11-15,-2.0
2014-11-16,-8.0
2014-11-17,-39.0
2014-11-18,-54.0
2014-11-19,-86.0
2014-11-20,-32.0
2014-11-21,-47.0
2014-11-22,-43.0
2014-11-23,18.0
2014-11-24,-7.0
2014-11-25,-52.0
2014-11-26,17.0
2014-11-27,10.0
2014-11-28,1.0
2014-11-29,-34.0
2014-11-30,-80.0
2014-12-01,12.0
2014-12-02,-48.0
2014-12-03,-8.0
2014-12-04,-26.0
2014-12-05,-38.0
2014-12-06,-45.0
2014-12-07,-32.0
2014-12-08,-90.0
2014-12-09,3.0
2014-12-10,47.0
2014-12-11,-55.0
2014-12-12,-1.0
2014-12-13,-30.0
2014-12-14,11.0
2014-12-15,-7.0
2014-12-16,-9.0
2014-12-17,-124.0
2014-12-18,-104.0
2014-12-19,-84.0
2014-12-20,-38.0
2014-12-21,8.0
2014-12-22,-61.0
2014-12-23,-40.0
2014-12-24,-22.0
2014-12-25,-19.0
2014-12-26,-23.0
2014-12-27,36.0
2014-12-28,63.0
2014-12-29,19.0
2014-12-30,15.0
2014-12-31,-51.0
2015-01-01,-48.0
2015-01-02,37.0
2015-01-03,22.0
2015-01-04,15.0
2015-01-05,-6.0
2015-01-06,-19.0
2015-01-07,-11.0
2015-01-08,-35.0
2015-01-09,-19.0
2015-01-10,-29.0
2015-01-11,14.0
2015-01-12,-34.0
2015-01-13,4.0
2015-01-14,-7.0
2015-01-15,2.0
2015-01-16,-30.0
2015-01-17,-25.0
2015-01-18,3.0
2015-01-19,5.0
2015-01-20,-17.0
2015-01-21,-31.0
2015-01-22,-58.0
2015-01-23,5.0
2015-01-24,7.0
2015-01-25,8.0
2015-01-26,8.0
2015-01-27,22.0
2015-01-28,-22.0
2015-01-29,6.0
2015-01-30,-10.0
2015-01-31,-65.0
2015-02-01,7.0
2015-02-02,-49.0
2015-02-03,-17.0
2015-02-04,-25.0
2015-02-05,-31.0
2015-02-06,5.0
2015-02-07,5.0
2015-02-08,-21.0
2015-02-09,-35.0
2015-02-10,-11.0
2015-02-11,-7.0
2015-02-12,15.0
2015-02-13,-27.0
2015-02-14,-35.0
2015-02-15,-8.0
2015-02-16,-17.0
2015-02-17,-27.0
2015-02-18,-31.0
2015-02-19,-21.0
2015-02-20,8.0
2015-02-21,-34.0
2015-02-22,-42.0
2015-02-23,-64.0
2015-02-24,-16.0
2015-02-25,-32.0
2015-02-26,-54.0
2015-02-27,-103.0
2015-02-28,-12.0
2015-03-01,-53.0
2015-03-02,-68.0
2015-03-03,-30.0
2015-03-04,-40.0
2015-03-05,7.0
2015-03-06,-60.0
2015-03-07,-29.0
2015-03-08,-23.0
2015-03-09,-19.0
2015-03-10,-21.0
2015-03-11,21.0
2015-03-12,-14.0
2015-03-13,-50.0
2015-03-14,-28.0
2015-03-15,5.0
2015-03-16,0.0
2015-03-17,4.0
2015-03-18,12.0
2015-03-19,-24.0
2015-03-20,-36.0
2015-03-21,-37.0
2015-03-22,-46.0
2015-03-23,18.0
2015-03-24,11.0
2015-03-25,-3.0
2015-03-26,-86.0
2015-03-27,-69.0
2015-03-28,-46.0
2015-03-29,-50.0
2015-03-30,-26.0
2015-03-31,16.0
2015-04-01,-31.0
2015-04-02,-9.0
2015-04-03,-19.0
2015-04-04,-24.0
2015-04-05,-19.0
2015-04-06,-69.0
2015-04-07,-54.0
2015-04-08,-4.0
2015-04-09,5.0
2015-04-10,-16.0
2015-04-11,0.0
2015-04-12,-6.0
2015-04-13,9.0
2015-04-14,-27.0
2015-04-15,-6.0
2015-04-16,5.0
2015-04-17,-36.0
2015-04-18,-5.0
2015-04-19,11.0
2015-04-20,4.0
2015-04-21,-53.0
2015-04-22,4.0
2015-04-23,6.0
2015-04-24,-7.0
2015-04-25,26.0
2015-04-26,9.0
2015-04-27,-24.0
2015-04-28,24.0
2015-04-29,40.0
2015-04-30,-2.0
2015-05-01,21.0
2015-05-02,-28.0
2015-05-03,43.0
2015-05-04,37.0
2015-05-05,-3.0
2015-05-06,-49.0
2015-05-07,-32.0
2015-05-08,9.0
2015-05-09,-12.0
2015-05-10,16.0
2015-05-11,32.0
2015-05-12,-45.0
2015-05-13,0.0
2015-05-14,-16.0
2015-05-15,-28.0
2015-05-16,-93.0
2015-05-17,-52.0
2015-05-18,-51.0
2015-05-19,19.0
2015-05-20,-2.0
2015-05-21,-40.0
2015-05-22,-38.0
2015-05-23,-27.0
2015-05-24,2.0
2015-05-25,7.0
2015-05-26,-42.0
2015-05-27,-7.0
2015-05-28,-55.0
2015-05-29,-40.0
2015-05-30,-23.0
2015-05-31,-5.0
2015-06-01,-21.0
2015-06-02,-31.0
2015-06-03,-18.0
2015-06-04,30.0
2015-06-05,-5.0
2015-06-06,-55.0
2015-06-07,-3.0
2015-06-08,-47.0
2015-06-09,12.0
2015-06-10,22.0
2015-06-11,22.0
2015-06-12,18.0
2015-06-13,11.0
2015-06-14,28.0
2015-06-15,23.0
2015-06-16,-5.0
2015-06-17,30.0
2015-06-18,25.0
2015-06-19,-1.0
2015-06-20,54.0
2015-06-21,-29.0
2015-06-22,15.0
2015-06-23,40.0
2015-06-24,39.0
2015-06-25,72.0
2015-06-26,64.0
2015-06-27,7.0
2015-06-28,39.0
2015-06-29,12.0
2015-06-30,-2.0
2015-07-01,-25.0
2015-07-02,-40.0
2015-07-03,-54.0
2015-07-04,-35.0
2015-07-05,-20.0
2015-07-06,6.0
2015-07-07,-71.0
2015-07-08,-16.0
2015-07-09,-9.0
2015-07-10,-7.0
2015-07-11,-32.0
2015-07-12,-50.0
2015-07-13,-18.0
2015-07-14,13.0
2015-07-15,14.0
2015-07-16,-9.0
2015-07-17,-7.0
2015-07-18,-34.0
2015-07-19,-22.0
2015-07-20,6.0
2015-07-21,-2.0
2015-07-22,-44.0
2015-07-23,-13.0
2015-07-24,-5.0
2015-07-25,-11.0
2015-07-26,-34.0
2015-07-27,-30.0
2015-07-28,-36.0
2015-07-29,-26.0
2015-07-30,-30.0
2015-07-31,-44.0
2015-08-01,-19.0
2015-08-02,29.0
2015-08-03,9.0
2015-08-04,-44.0
2015-08-05,31.0
2015-08-06,8.0
2015-08-07,-38.0
2015-08-08,12.0
2015-08-09,21.0
2015-08-10,-33.0
2015-08-11,-17.0
2015-08-12,-10.0
2015-08-13,2.0
2015-08-14,5.0
2015-08-15,10.0
2015-08-16,8.0
2015-08-17,42.0
2015-08-18,-8.0
2015-08-19,-8.0
2015-08-20,46.0
2015-08-21,26.0
2015-08-22,59.0
2015-08-23,37.0
2015-08-24,39.0
2015-08-25,37.0
2015-08-26,-18.0
2015-08-27,1.0
2015-08-28,-2.0
2015-08-29,-10.0
2015-08-30,-50.0
2015-08-31,-29.0
2015-09-01,12.0
2015-09-02,5.0
2015-09-03,-21.0
2015-09-04,3.0
2015-09-05,-21.0
2015-09-06,30.0
2015-09-07,-15.0
2015-09-08,-43.0
2015-09-09,-29.0
2015-09-10,-18.0
2015-09-11,17.0
2015-09-12,30.0
2015-09-13,21.0
2015-09-14,-33.0
2015-09-15,14.0
2015-09-16,-27.0
2015-09-17,-79.0
2015-09-18,39.0
2015-09-19,70.0
2015-09-20,17.0
2015-09-21,6.0
2015-09-22,31.0
2015-09-23,-65.0
2015-09-24,17.0
2015-09-25,15.0
2015-09-26,-31.0
2015-09-27,-24.0
2015-09-28,-37.0
2015-09-29,-6.0
2015-09-30,-51.0
2015-10-01,-3.0
2015-10-02,-33.0
2015-10-03,20.0
2015-10-04,43.0
2015-10-05,-24.0
2015-10-06,-48.0
2015-10-07,-21.0
2015-10-08,3.0
2015-10-09,13.0
2015-10-10,26.0
2015-10-11,0.0
2015-10-12,-20.0
2015-10-13,-59.0
2015-10-14,-21.0
2015-10-15,-13.0
2015-10-16,-3.0
2015-10-17,36.0
2015-10-18,12.0
2015-10-19,-24.0
2015-10-20,-16.0
2015-10-21,1.0
2015-10-22,28.0
2015-10-23,24.0
2015-10-24,86.0
2015-10-25,13.0
2015-10-26,28.0
2015-10-27,7.0
2015-10-28,-14.0
2015-10-29,-17.0
2015-10-30,44.0
2015-10-31,-5.0
2015-11-01,7.0
2015-11-02,20.0
2015-11-03,2.0
2015-11-04,-30.0
2015-11-05,0.0
2015-11-06,-10.0
2015-11-07,-24.0
2015-11-08,-37.0
2015-11-09,11.0
2015-11-10,-6.0
2015-11-11,-44.0
2015-11-12,13.0
2015-11-13,-13.0
2015-11-14,-11.0
2015-11-15,-9.0
2015-11-16,15.0
2015-11-17,-5.0
2015-11-18,-33.0
2015-11-19,-11.0
2015-11-20,-2.0
2015-11-21,-23.0
2015-11-22,-46.0
2015-11-23,-40.0
2015-11-24,-55.0
2015-11-25,-71.0
2015-11-26,-44.0
2015-11-27,-25.0
2015-11-28,-42.0
2015-11-29,-59.0
2015-11-30,-39.0
2015-12-01,-25.0
2015-12-02,-44.0
2015-12-03,-27.0
2015-12-04,-30.0
2015-12-05,11.0
2015-12-06,-10.0
2015-12-07,20.0
2015-12-08,-4.0
2015-12-09,-7.0
2015-12-10,-33.0
2015-12-11,8.0
2015-12-12,-27.0
2015-12-13,25.0
2015-12-14,10.0
2015-12-15,-24.0
2015-12-16,-35.0
2015-12-17,11.0
2015-12-18,0.0
2015-12-19,25.0
2015-12-20,-5.0
2015-12-21,-26.0
2015-12-22,-18.0
2015-12-23,-20.0
2015-12-24,4.0
2015-12-25,-4.0
2015-12-26,-26.0
2015-12-27,-10.0
2015-12-28,-51.0
2015-12-29,-11.0
2015-12-30,-8.0
2015-12-31,2.0
2016-01-01,-56.0
2016-01-02,-16.0
2016-01-03,-48.0
2016-01-04,-14.0
2016-01-05,-19.0
2016-01-06,12.0
2016-01-07,-16.0
2016-01-08,-36.0
2016-01-09,-21.0
2016-01-10,-8.0
2016-01-11,-48.0
2016-01-12,-11.0
2016-01-13,-24.0
2016-01-14,-45.0
2016-01-15,-62.0
2016-01-16,-18.0
2016-01-17,8.0
2016-01-18,-49.0
2016-01-19,-10.0
2016-01-20,2.0
2016-01-21,-24.0
2016-01-22,7.0
2016-01-23,38.0
2016-01-24,-33.0
2016-01-25,-11.0
2016-01-26,-19.0
2016-01-27,-35.0
2016-01-28,-40.0
2016-01-29,5.0
2016-01-30,22.0
2016-01-31,-26.0
2016-02-01,2.0
2016-02-02,-20.0
2016-02-03,-7.0
2016-02-04,26.0
2016-02-05,-14.0
2016-02-06,-1.0
2016-02-07,-1.0
2016-02-08,-32.0
2016-02-09,-46.0
2016-02-10,-30.0
2016-02-11,-21.0
2016-02-12,-44.0
2016-02-13,-39.0
2016-02-14,0.0
2016-02-15,-44.0
2016-02-16,-37.0
2016-02-17,-16.0
2016-02-18,-8.0
2016-02-19,10.0
2016-02-20,-55.0
2016-02-21,-40.0
2016-02-22,-37.0
2016-02-23,-45.0
2016-02-24,-28.0
2016-02-25,-47.0
2016-02-26,-38.0
2016-02-27,-17.0
2016-02-28,11.0
2016-02-29,-9.0
2016-03-01,-48.0
2016-03-02,-10.0
2016-03-03,0.0
2016-03-04,-31.0
2016-03-05,-34.0
2016-03-06,-2.0
2016-03-07,-61.0
2016-03-08,-55.0
2016-03-09,-27.0
2016-03-10,-31.0
2016-03-11,-58.0
2016-03-12,-7.0
2016-03-13,14.0
2016-03-14,-24.0
2016-03-15,-68.0
2016-03-16,-55.0
2016-03-17,-47.0
2016-03-18,-63.0
2016-03-19,-66.0
2016-03-20,-72.0
2016-03-21,-63.0
2016-03-22,-28.0
2016-03-23,-65.0
2016-03-24,4.0
2016-03-25,-35.0
2016-03-26,-56.0
2016-03-27,-30.0
2016-03-28,-1.0
2016-03-29,-44.0
2016-03-30,-29.0
2016-03-31,-36.0
2016-04-01,18.0
2016-04-02,7.0
2016-04-03,9.0
2016-04-04,9.0
2016-04-05,-25.0
2016-04-06,-16.0
2016-04-07,-13.0
2016-04-08,-7.0
2016-04-09,-68.0
2016-04-10,-45.0
2016-04-11,-55.0
2016-04-12,-25.0
2016-04-13,-50.0
2016-04-14,-25.0
2016-04-15,-27.0
2016-04-16,-24.0
2016-04-17,5.0
2016-04-18,-6.0
2016-04-19,-8.0
2016-04-20,-19.0
2016-04-21,-21.0
2016-04-22,35.0
2016-04-23,-43.0
2016-04-24,-33.0
2016-04-25,-28.0
2016-04-26,-16.0
2016-04-27,7.0
2016-04-28,-37.0
2016-04-29,-20.0
2016-04-30,-38.0
2016-05-01,6.0
2016-05-02,-40.0
2016-05-03,-16.0
2016-05-04,-32.0
2016-05-05,-26.0
2016-05-06,-31.0
2016-05-07,-5.0
2016-05-08,-30.0
2016-05-09,32.0
2016-05-10,-30.0
2016-05-11,1.0
2016-05-12,-27.0
2016-05-13,15.0
2016-05-14,-33.0
2016-05-15,-3.0
2016-05-16,-14.0
2016-05-17,-33.0
2016-05-18,17.0
2016-05-19,4.0
2016-05-20,7.0
2016-05-21,-6.0
2016-05-22,9.0
2016-05-23,-31.0
2016-05-24,-48.0
2016-05-25,14.0
2016-05-26,-13.0
2016-05-27,27.0
2016-05-28,14.0
2016-05-29,18.0
2016-05-30,15.0
2016-05-31,15.0
2016-06-01,38.0
2016-06-02,36.0
2016-06-03,-17.0
2016-06-04,-25.0
2016-06-05,-24.0
2016-06-06,-8.0
2016-06-07,23.0
2016-06-08,-15.0
2016-06-09,-35.0
2016-06-10,-55.0
2016-06-11,-58.0
2016-06-12,-42.0
2016-06-13,-39.0
2016-06-14,-29.0
2016-06-15,-15.0
2016-06-16,27.0
2016-06-17,-30.0
2016-06-18,-18.0
2016-06-19,-51.0
2016-06-20,0.0
2016-06-21,-37.0
2016-06-22,-21.0
2016-06-23,-11.0
2016-06-24,33.0
2016-06-25,12.0
2016-06-26,20.0
2016-06-27,12.0
2016-06-28,46.0
2016-06-29,48.0
2016-06-30,72.0
2016-07-01,-26.0
2016-07-02,-24.0
2016-07-03,-49.0
2016-07-04,-12.0
2016-07-05,0.0
2016-07-06,-27.0
2016-07-07,-51.0
2016-07-08,-24.0
2016-07-09,-17.0
2016-07-10,-16.0
2016-07-11,7.0
2016-07-12,-33.0
2016-07-13,27.0
2016-07-14,5.0
2016-07-15,-6.0
2016-07-16,1.0
2016-07-17,-3.0
2016-07-18,-54.0
2016-07-19,-16.0
2016-07-20,-33.0
2016-07-21,4.0
2016-07-22,-51.0
2016-07-23,-65.0
2016-07-24,-2.0
2016-07-25,-22.0
2016-07-26,9.0
2016-07-27,16.0
2016-07-28,9.0
2016-07-29,7.0
2016-07-30,-23.0
2016-07-31,-9.0
2016-08-01,-14.0
2016-08-02,43.0
2016-08-03,5.0
2016-08-04,-4.0
2016-08-05,-20.0
2016-08-06,-2.0
2016-08-07,-12.0
2016-08-08,45.0
2016-08-09,45.0
2016-08-10,35.0
2016-08-11,54.0
2016-08-12,64.0
2016-08-13,45.0
2016-08-14,-4.0
2016-08-15,33.0
2016-08-16,-3.0
2016-08-17,18.0
2016-08-18,6.0
2016-08-19,24.0
2016-08-20,53.0
2016-08-21,41.0
2016-08-22,33.0
2016-08-23,19.0
2016-08-24,-4.0
2016-08-25,16.0
2016-08-26,36.0
2016-08-27,27.0
2016-08-28,53.0
2016-08-29,-24.0
2016-08-30,17.0
2016-08-31,-6.0
2016-09-01,-26.0
2016-09-02,-35.0
2016-09-03,-51.0
2016-09-04,-34.0
2016-09-05,-31.0
2016-09-06,-42.0
2016-09-07,-16.0
2016-09-08,-28.0
2016-09-09,-19.0
2016-09-10,-32.0
2016-09-11,-56.0
2016-09-12,-52.0
2016-09-13,16.0
2016-09-14,-42.0
2016-09-15,-72.0
2016-09-16,-41.0
2016-09-17,-64.0
2016-09-18,-61.0
2016-09-19,-32.0
2016-09-20,-72.0
2016-09-21,-52.0
2016-09-22,-50.0
2016-09-23,-32.0
2016-09-24,-46.0
2016-09-25,-39.0
2016-09-26,-18.0
2016-09-27,6.0
2016-09-28,-37.0
2016-09-29,8.0
2016-09-30,-13.0
2016-10-01,19.0
2016-10-02,38.0
2016-10-03,-33.0
2016-10-04,-19.0
2016-10-05,27.0
2016-10-06,1.0
2016-10-07,-21.0
2016-10-08,18.0
2016-10-09,3.0
2016-10-10,20.0
2016-10-11,-13.0
2016-10-12,0.0
2016-10-13,22.0
2016-10-14,-21.0
2016-10-15,-19.0
2016-10-16,9.0
2016-10-17,-16.0
2016-10-18,-7.0
2016-10-19,28.0
2016-10-20,20.0
2016-10-21,14.0
2016-10-22,-6.0
2016-10-23,25.0
2016-10-24,37.0
2016-10-25,-32.0
2016-10-26,-20.0
2016-10-27,19.0
2016-10-28,57.0
2016-10-29,9.0
2016-10-30,-21.0
2016-10-31,-38.0
2016-11-01,-46.0
2016-11-02,-34.0
2016-11-03,-39.0
2016-11-04,-57.0
2016-11-05,-41.0
2016-11-06,-19.0
2016-11-07,-41.0
2016-11-08,-23.0
2016-11-09,-6.0
2016-11-10,-19.0
2016-11-11,-26.0
2016-11-12,-40.0
2016-11-13,-33.0
2016-11-14,-48.0
2016-11-15,-50.0
2016-11-16,-34.0
2016-11-17,-33.0
2016-11-18,-5.0
2016-11-19,-8.0
2016-11-20,-10.0
2016-11-21,0.0
2016-11-22,-46.0
2016-11-23,-22.0
2016-11-24,-10.0
2016-11-25,-49.0
2016-11-26,-42.0
2016-11-27,-59.0
2016-11-28,-5.0
2016-11-29,5.0
2016-11-30,20.0
2016-12-01,-34.0
2016-12-02,-55.0
2016-12-03,-5.0
2016-12-04,-28.0
2016-12-05,-41.0
2016-12-06,-13.0
2016-12-07,-27.0
2016-12-08,-51.0
2016-12-09,-42.0
2016-12-10,-22.0
2016-12-11,-8.0
2016-12-12,-15.0
2016-12-13,-40.0
2016-12-14,-35.0
2016-12-15,-24.0
2016-12-16,-62.0
2016-12-17,-46.0
2016-12-18,-48.0
2016-12-19,-53.0
2016-12-20,-5.0
2016-12-21,-14.0
2016-12-22,-51.0
2016-12-23,-32.0
2016-12-24,-60.0
2016-12-25,-58.0
2016-12-26,-34.0
2016-12-27,-63.0
2016-12-28,-59.0
2016-12-29,-74.0
2016-12-30,-27.0
2016-12-31,-28.0
2017-01-01,-45.0
2017-01-02,-57.0
2017-01-03,-67.0
2017-01-04,-19.0
2017-01-05,-66.0
2017-01-06,-38.0
2017-01-07,-41.0
2017-01-08,-52.0
2017-01-09,-40.0
2017-01-10,-45.0
2017-01-11,-39.0
2017-01-12,-51.0
2017-01-13,-41.0
2017-01-14,1.0
2017-01-15,20.0
2017-01-16,-8.0
2017-01-17,-64.0
2017-01-18,-40.0
2017-01-19,-62.0
2017-01-20,-21.0
2017-01-21,-3.0
2017-01-22,44.0
2017-01-23,-21.0
2017-01-24,-17.0
2017-01-25,7.0
2017-01-26,-27.0
2017-01-27,-10.0
2017-01-28,-20.0
2017-01-29,-48.0
2017-01-30,-50.0
2017-01-31,-19.0
2017-02-01,-35.0
2017-02-02,-33.0
2017-02-03,-45.0
2017-02-04,-16.0
2017-02-05,-33.0
2017-02-06,-9.0
2017-02-07,-10.0
2017-02-08,-41.0
2017-02-09,20.0
2017-02-10,-41.0
2017-02-11,-10.0
2017-02-12,-36.0
2017-02-13,-64.0
2017-02-14,-62.0
2017-02-15,-11.0
2017-02-16,-36.0
2017-02-17,-12.0
2017-02-18,-14.0
2017-02-19,-19.0
2017-02-20,-4.0
2017-02-21,3.0
2017-02-22,-29.0
2017-02-23,-18.0
2017-02-24,5.0
2017-02-25,-32.0
2017-02-26,-64.0
2017-02-27,-28.0
2017-02-28,-27.0
2017-03-01,-67.0
2017-03-02,-27.0
2017-03-03,-46.0
2017-03-04,-36.0
2017-03-05,-32.0
2017-03-06,7.0
2017-03-07,-38.0
2017-03-08,-32.0
2017-03-09,2.0
2017-03-10,-25.0
2017-03-11,-24.0
2017-03-12,-45.0
2017-03-13,-26.0
2017-03-14,-22.0
2017-03-15,-9.0
2017-03-16,1.0
2017-03-17,-20.0
2017-03-18,11.0
2017-03-19,-53.0
2017-03-20,-26.0
2017-03-21,-12.0
2017-03-22,-11.0
2017-03-23,10.0
2017-03-24,-40.0
2017-03-25,-2.0
2017-03-26,-17.0
2017-03-27,-28.0
2017-03-28,-37.0
2017-03-29,-20.0
2017-03-30,3.0
2017-03-31,-34.0
2017-04-01,-18.0
2017-04-02,-18.0
2017-04-03,-32.0
2017-04-04,7.0
2017-04-05,-2.0
2017-04-06,-11.0
2017-04-07,-51.0
2017-04-08,-68.0
2017-04-09,-48.0
2017-04-10,-40.0
2017-04-11,-23.0
2017-04-12,-17.0
2017-04-13,17.0
2017-04-14,-11.0
2017-04-15,5.0
2017-04-16,-17.0
2017-04-17,-57.0
2017-04-18,-40.0
2017-04-19,-2.0
2017-04-20,-33.0
2017-04-21,-44.0
2017-04-22,-28.0
2017-04-23,-76.0
2017-04-24,-68.0
2017-04-25,-84.0
2017-04-26,-86.0
2017-04-27,-108.0
2017-04-28,-56.0
2017-04-29,-65.0
2017-04-30,-48.0
2017-05-01,24.0
2017-05-02,-6.0
2017-05-03,-6.0
2017-05-04,-6.0
2017-05-05,7.0
2017-05-06,-48.0
2017-05-07,-13.0
2017-05-08,2.0
2017-05-09,42.0
2017-05-10,-5.0
2017-05-11,35.0
2017-05-12,36.0
2017-05-13,25.0
2017-05-14,23.0
2017-05-15,-5.0
2017-05-16,25.0
2017-05-17,58.0
2017-05-18,30.0
2017-05-19,15.0
2017-05-20,-29.0
2017-05-21,-8.0
2017-05-22,12.0
2017-05-23,15.0
2017-05-24,-24.0
2017-05-25,-3.0
2017-05-26,53.0
2017-05-27,25.0
2017-05-28,4.0
2017-05-29,13.0
2017-05-30,36.0
2017-05-31,-15.0
2017-06-01,11.0
2017-06-02,-33.0
2017-06-03,13.0
2017-06-04,-3.0
2017-06-05,-1.0
2017-06-06,0.0
2017-06-07,7.0
2017-06-08,-19.0
2017-06-09,-15.0
2017-06-10,9.0
2017-06-11,14.0
2017-06-12,-1.0
2017-06-13,-7.0
2017-06-14,32.0
2017-06-15,16.0
2017-06-16,-24.0
2017-06-17,-4.0
2017-06-18,-13.0
2017-06-19,-30.0
2017-06-20,6.0
2017-06-21,6.0
2017-06-22,12.0
2017-06-23,-7.0
2017-06-24,-1.0
2017-06-25,29.0
2017-06-26,-7.0
2017-06-27,1.0
2017-06-28,23.0
2017-06-29,-11.0
2017-06-30,7.0
2017-07-01,27.0
2017-07-02,2.0
2017-07-03,6.0
2017-07-04,55.0
2017-07-05,25.0
2017-07-06,12.0
2017-07-07,-5.0
2017-07-08,-5.0
2017-07-09,40.0
2017-07-10,10.0
2017-07-11,16.0
2017-07-12,8.0
2017-07-13,36.0
2017-07-14,-5.0
2017-07-15,7.0
2017-07-16,20.0
2017-07-17,20.0
2017-07-18,42.0
2017-07-19,77.0
2017-07-20,38.0
2017-07-21,17.0
2017-07-22,38.0
2017-07-23,5.0
2017-07-24,-6.0
2017-07-25,48.0
2017-07-26,-7.0
2017-07-27,6.0
2017-07-28,-12.0
2017-07-29,31.0
2017-07-30,54.0
2017-07-31,7.0
2017-08-01,25.0
2017-08-02,26.0
2017-08-03,28.0
2017-08-04,-9.0
2017-08-05,-35.0
2017-08-06,-5.0
2017-08-07,-18.0
2017-08-08,-41.0
2017-08-09,19.0
2017-08-10,36.0
2017-08-11,-7.0
2017-08-12,11.0
2017-08-13,18.0
2017-08-14,20.0
2017-08-15,11.0
2017-08-16,-9.0
2017-08-17,-6.0
2017-08-18,15.0
2017-08-19,12.0
2017-08-20,-11.0
2017-08-21,-27.0
2017-08-22,2.0
2017-08-23,17.0
2017-08-24,28.0
2017-08-25,24.0
2017-08-26,18.0
2017-08-27,27.0
2017-08-28,51.0
2017-08-29,39.0
2017-08-30,2.0
2017-08-31,19.0
2017-09-01,14.0
2017-09-02,16.0
2017-09-03,16.0
2017-09-04,31.0
2017-09-05,1.0
2017-09-06,1.0
2017-09-07,3.0
2017-09-08,10.0
2017-09-09,22.0
2017-09-10,17.0
2017-09-11,-2.0
2017-09-12,2.0
2017-09-13,-33.0
2017-09-14,-62.0
2017-09-15,-10.0
2017-09-16,12.0
2017-09-17,-12.0
2017-09-18,36.0
2017-09-19,-26.0
2017-09-20,23.0
2017-09-21,-3.0
2017-09-22,36.0
2017-09-23,24.0
2017-09-24,-37.0
2017-09-25,-2.0
2017-09-26,-2.0
2017-09-27,-13.0
2017-09-28,10.0
2017-09-29,21.0
2017-09-30,18.0
2017-10-01,1.0
2017-10-02,-40.0
2017-10-03,22.0
2017-10-04,5.0
2017-10-05,-6.0
2017-10-06,20.0
2017-10-07,31.0
2017-10-08,5.0
2017-10-09,16.0
2017-10-10,28.0
2017-10-11,39.0
2017-10-12,3.0
2017-10-13,27.0
2017-10-14,25.0
2017-10-15,-4.0
2017-10-16,9.0
2017-10-17,-19.0
2017-10-18,-21.0
2017-10-19,-8.0
2017-10-20,-27.0
2017-10-21,-13.0
2017-10-22,-8.0
2017-10-23,-12.0
2017-10-24,-14.0
2017-10-25,-25.0
2017-10-26,0.0
2017-10-27,6.0
2017-10-28,-5.0
2017-10-29,6.0
2017-10-30,3.0
2017-10-31,-4.0
2017-11-01,-2.0
2017-11-02,-31.0
2017-11-03,-13.0
2017-11-04,-33.0
2017-11-05,3.0
2017-11-06,-42.0
2017-11-07,-57.0
2017-11-08,-37.0
2017-11-09,-12.0
2017-11-10,3.0
2017-11-11,-9.0
2017-11-12,-2.0
2017-11-13,-42.0
2017-11-14,-16.0
2017-11-15,-42.0
2017-11-16,-52.0
2017-11-17,-23.0
2017-11-18,-53.0
2017-11-19,-52.0
2017-11-20,-46.0
2017-11-21,2.0
2017-11-22,-16.0
2017-11-23,-43.0
2017-11-24,-42.0
2017-11-25,-27.0
2017-11-26,-64.0
2017-11-27,6.0
2017-11-28,-42.0
2017-11-29,-72.0
2017-11-30,-46.0
2017-12-01,-43.0
2017-12-02,-87.0
2017-12-03,-95.0
2017-12-04,-51.0
2017-12-05,-19.0
2017-12-06,-31.0
2017-12-07,-39.0
2017-12-08,1.0
2017-12-09,-20.0
2017-12-10,-2.0
2017-12-11,-69.0
2017-12-12,-34.0
2017-12-13,-46.0
2017-12-14,-51.0
2017-12-15,-82.0
2017-12-16,-101.0
2017-12-17,-35.0
2017-12-18,-69.0
2017-12-19,-21.0
2017-12-20,-71.0
2017-12-21,-56.0
2017-12-22,-39.0
2017-12-23,-73.0
2017-12-24,-37.0
2017-12-25,-19.0
2017-12-26,-46.0
2017-12-27,-28.0
2017-12-28,1.0
2017-12-29,-28.0
2017-12-30,11.0
2017-12-31,-25.0
2018-01-01,-24.0
2018-01-02,-35.0
2018-01-03,-70.0
2018-01-04,-5.0
2018-01-05,-9.0
2018-01-06,0.0
2018-01-07,-24.0
2018-01-08,-4.0
2018-01-09,5.0
2018-01-10,-18.0
2018-01-11,18.0
2018-01-12,-40.0
2018-01-13,-51.0
2018-01-14,-57.0
2018-01-15,-53.0
2018-01-16,-29.0
2018-01-17,-30.0
2018-01-18,-18.0
2018-01-19,-56.0
2018-01-20,-29.0
2018-01-21,-58.0
2018-01-22,-37.0
2018-01-23,17.0
2018-01-24,39.0
2018-01-25,8.0
2018-01-26,20.0
2018-01-27,-32.0
2018-01-28,-56.0
2018-01-29,-38.0
2018-01-30,-40.0
2018-01-31,-50.0
2018-02-01,-22.0
2018-02-02,12.0
2018-02-03,-34.0
2018-02-04,-6.0
2018-02-05,-32.0
2018-02-06,-37.0
2018-02-07,-37.0
2018-02-08,-45.0
2018-02-09,-85.0
2018-02-10,-30.0
2018-02-11,-33.0
2018-02-12,-93.0
2018-02-13,-30.0
2018-02-14,-39.0
2018-02-15,-49.0
2018-02-16,-37.0
2018-02-17,-30.0
2018-02-18,6.0
2018-02-19,-19.0
2018-02-20,-13.0
2018-02-21,-6.0
2018-02-22,-24.0
2018-02-23,-12.0
2018-02-24,-33.0
2018-02-25,-16.0
2018-02-26,-20.0
2018-02-27,-48.0
2018-02-28,-6.0
2018-03-01,-29.0
2018-03-02,30.0
2018-03-03,6.0
2018-03-04,0.0
2018-03-05,-58.0
2018-03-06,-6.0
2018-03-07,-2.0
2018-03-08,-29.0
2018-03-09,21.0
2018-03-10,-30.0
2018-03-11,34.0
2018-03-12,5.0
2018-03-13,-39.0
2018-03-14,4.0
2018-03-15,8.0
2018-03-16,28.0
2018-03-17,55.0
2018-03-18,-14.0
2018-03-19,11.0
2018-03-20,3.0
2018-03-21,65.0
2018-03-22,-2.0
2018-03-23,7.0
2018-03-24,-49.0
2018-03-25,-17.0
2018-03-26,8.0
2018-03-27,18.0
2018-03-28,22.0
2018-03-29,14.0
2018-03-30,17.0
2018-03-31,-10.0
2018-04-01,-33.0
2018-04-02,17.0
2018-04-03,23.0
2018-04-04,3.0
2018-04-05,30.0
2018-04-06,38.0
2018-04-07,44.0
2018-04-08,-3.0
2018-04-09,9.0
2018-04-10,22.0
2018-04-11,7.0
2018-04-12,35.0
2018-04-13,-10.0
2018-04-14,-21.0
2018-04-15,20.0
2018-04-16,4.0
2018-04-17,-22.0
2018-04-18,-4.0
2018-04-19,9.0
2018-04-20,12.0
2018-04-21,11.0
2018-04-22,43.0
2018-04-23,50.0
2018-04-24,5.0
2018-04-25,62.0
2018-04-26,28.0
2018-04-27,37.0
2018-04-28,13.0
2018-04-29,20.0
2018-04-30,56.0
2018-05-01,26.0
2018-05-02,2.0
2018-05-03,27.0
2018-05-04,48.0
2018-05-05,41.0
2018-05-06,34.0
2018-05-07,1.0
2018-05-08,40.0
2018-05-09,56.0
2018-05-10,28.0
2018-05-11,17.0
2018-05-12,34.0
2018-05-13,34.0
2018-05-14,37.0
2018-05-15,19.0
2018-05-16,38.0
2018-05-17,61.0
2018-05-18,21.0
2018-05-19,46.0
2018-05-20,36.0
2018-05-21,50.0
2018-05-22,8.0
2018-05-23,33.0
2018-05-24,34.0
2018-05-25,57.0
2018-05-26,12.0
2018-05-27,23.0
2018-05-28,-1.0
2018-05-29,30.0
2018-05-30,7.0
2018-05-31,47.0
2018-06-01,14.0
2018-06-02,35.0
2018-06-03,33.0
2018-06-04,36.0
2018-06-05,15.0
2018-06-06,27.0
2018-06-07,-19.0
2018-06-08,23.0
2018-06-09,37.0
2018-06-10,24.0
2018-06-11,54.0
2018-06-12,14.0
2018-06-13,19.0
2018-06-14,-4.0
2018-06-15,26.0
2018-06-16,1.0
2018-06-17,37.0
2018-06-18,-17.0
2018-06-19,18.0
2018-06-20,15.0
2018-06-21,15.0
2018-06-22,7.0
2018-06-23,2.0
2018-06-24,17.0
2018-06-25,24.0
2018-06-26,44.0
2018-06-27,6.0
2018-06-28,9.0
2018-06-29,17.0
2018-06-30,42.0
2018-07-01,48.0
2018-07-02,0.0
2018-07-03,32.0
2018-07-04,-4.0
2018-07-05,41.0
2018-07-06,44.0
2018-07-07,37.0
2018-07-08,60.0
2018-07-09,34.0
2018-07-10,39.0
2018-07-11,-6.0
2018-07-12,46.0
2018-07-13,39.0
2018-07-14,103.0
2018-07-15,54.0
2018-07-16,57.0
2018-07-17,48.0
2018-07-18,32.0
2018-07-19,29.0
2018-07-20,30.0
2018-07-21,89.0
2018-07-22,42.0
2018-07-23,20.0
2018-07-24,46.0
2018-07-25,56.0
2018-07-26,73.0
2018-07-27,99.0
2018-07-28,56.0
2018-07-29,36.0
2018-07-30,43.0
2018-07-31,46.0
2018-08-01,60.0
2018-08-02,26.0
2018-08-03,40.0
2018-08-04,65.0
2018-08-05,51.0
2018-08-06,33.0
2018-08-07,6.0
2018-08-08,34.0
2018-08-09,17.0
2018-08-10,22.0
2018-08-11,58.0
2018-08-12,13.0
2018-08-13,63.0
2018-08-14,40.0
2018-08-15,74.0
2018-08-16,38.0
2018-08-17,3.0
2018-08-18,56.0
2018-08-19,57.0
2018-08-20,68.0
2018-08-21,35.0
2018-08-22,57.0
2018-08-23,68.0
2018-08-24,76.0
2018-08-25,76.0
2018-08-26,85.0
2018-08-27,98.0
2018-08-28,46.0
2018-08-29,-2.0
2018-08-30,32.0
2018-08-31,33.0
2018-09-01,13.0
2018-09-02,-3.0
2018-09-03,21.0
2018-09-04,21.0
2018-09-05,11.0
2018-09-06,-1.0
2018-09-07,-36.0
2018-09-08,64.0
2018-09-09,-15.0
2018-09-10,-10.0
2018-09-11,-2.0
2018-09-12,5.0
2018-09-13,0.0
2018-09-14,76.0
2018-09-15,18.0
2018-09-16,63.0
2018-09-17,-37.0
2018-09-18,23.0
2018-09-19,26.0
2018-09-20,31.0
2018-09-21,4.0
2018-09-22,9.0
2018-09-23,31.0
2018-09-24,23.0
2018-09-25,-7.0
2018-09-26,5.0
2018-09-27,-8.0
2018-09-28,41.0
2018-09-29,51.0
2018-09-30,22.0
2018-10-01,36.0
2018-10-02,64.0
2018-10-03,84.0
2018-10-04,56.0
2018-10-05,28.0
2018-10-06,75.0
2018-10-07,33.0
2018-10-08,52.0
2018-10-09,65.0
2018-10-10,42.0
2018-10-11,-14.0
2018-10-12,79.0
2018-10-13,42.0
2018-10-14,40.0
2018-10-15,31.0
2018-10-16,52.0
2018-10-17,31.0
2018-10-18,58.0
2018-10-19,36.0
2018-10-20,54.0
2018-10-21,37.0
2018-10-22,48.0
2018-10-23,26.0
2018-10-24,26.0
2018-10-25,40.0
2018-10-26,47.0
2018-10-27,91.0
2018-10-28,40.0
2018-10-29,39.0
2018-10-30,38.0
2018-10-31,47.0
2018-11-01,-23.0
2018-11-02,-12.0
2018-11-03,61.0
2018-11-04,59.0
2018-11-05,9.0
2018-11-06,23.0
2018-11-07,17.0
2018-11-08,-11.0
2018-11-09,42.0
2018-11-10,46.0
2018-11-11,2.0
2018-11-12,-13.0
2018-11-13,-15.0
2018-11-14,7.0
2018-11-15,-11.0
2018-11-16,-22.0
2018-11-17,8.0
2018-11-18,15.0
2018-11-19,-18.0
2018-11-20,56.0
2018-11-21,27.0
2018-11-22,11.0
2018-11-23,30.0
2018-11-24,18.0
2018-11-25,7.0
2018-11-26,-54.0
2018-11-27,-9.0
2018-11-28,33.0
2018-11-29,-6.0
2018-11-30,55.0
2018-12-01,10.0
2018-12-02,50.0
2018-12-03,7.0
2018-12-04,-28.0
2018-12-05,-50.0
2018-12-06,2.0
2018-12-07,-49.0
2018-12-08,3.0
2018-12-09,8.0
2018-12-10,-16.0
2018-12-11,-13.0
2018-12-12,9.0
2018-12-13,2.0
2018-12-14,-23.0
2018-12-15,-36.0
2018-12-16,-28.0
2018-12-17,7.0
2018-12-18,17.0
2018-12-19,9.0
2018-12-20,-5.0
2018-12-21,30.0
2018-12-22,47.0
2018-12-23,-13.0
2018-12-24,32.0
2018-12-25,-4.0
2018-12-26,-12.0
2018-12-27,-25.0
2018-12-28,14.0
2018-12-29,-15.0
2018-12-30,25.0
2018-12-31,33.0
2019-01-01,15.0
2019-01-02,25.0
2019-01-03,-28.0
2019-01-04,9.0
2019-01-05,-2.0
2019-01-06,-68.0
2019-01-07,-73.0
2019-01-08,11.0
2019-01-09,-30.0
2019-01-10,-35.0
2019-01-11,-13.0
2019-01-12,-48.0
2019-01-13,-28.0
2019-01-14,3.0
2019-01-15,22.0
2019-01-16,40.0
2019-01-17,11.0
2019-01-18,29.0
2019-01-19,-51.0
2019-01-20,-18.0
2019-01-21,-1.0
2019-01-22,-20.0
2019-01-23,7.0
2019-01-24,-13.0
2019-01-25,-31.0
2019-01-26,-41.0
2019-01-27,-13.0
2019-01-28,-66.0
2019-01-29,-46.0
2019-01-30,-36.0
2019-01-31,-61.0
2019-02-01,-2.0
2019-02-02,24.0
2019-02-03,-34.0
2019-02-04,8.0
2019-02-05,5.0
2019-02-06,23.0
2019-02-07,49.0
2019-02-08,-5.0
2019-02-09,20.0
2019-02-10,43.0
2019-02-11,6.0
2019-02-12,-11.0
2019-02-13,-5.0
2019-02-14,-7.0
2019-02-15,-6.0
2019-02-16,17.0
2019-02-17,13.0
2019-02-18,12.0
2019-02-19,-16.0
2019-02-20,-19.0
2019-02-21,36.0
2019-02-22,24.0
2019-02-23,3.0
2019-02-24,31.0
2019-02-25,46.0
2019-02-26,0.0
2019-02-27,21.0
2019-02-28,13.0
2019-03-01,-6.0
2019-03-02,16.0
2019-03-03,58.0
2019-03-04,-27.0
2019-03-05,-23.0
2019-03-06,-13.0
2019-03-07,-4.0
2019-03-08,-19.0
2019-03-09,-7.0
2019-03-10,8.0
2019-03-11,-44.0
2019-03-12,-11.0
2019-03-13,-49.0
2019-03-14,-40.0
2019-03-15,-34.0
2019-03-16,-26.0
2019-03-17,-29.0
2019-03-18,-23.0
2019-03-19,24.0
2019-03-20,-24.0
2019-03-21,52.0
2019-03-22,3.0
2019-03-23,20.0
2019-03-24,22.0
2019-03-25,41.0
2019-03-26,72.0
2019-03-27,60.0
2019-03-28,58.0
2019-03-29,38.0
2019-03-30,68.0
2019-03-31,33.0
2019-04-01,9.0
2019-04-02,17.0
2019-04-03,29.0
2019-04-04,27.0
2019-04-05,21.0
2019-04-06,21.0
2019-04-07,20.0
2019-04-08,9.0
2019-04-09,26.0
2019-04-10,-8.0
2019-04-11,53.0
2019-04-12,25.0
2019-04-13,34.0
2019-04-14,25.0
2019-04-15,22.0
2019-04-16,20.0
2019-04-17,26.0
2019-04-18,33.0
2019-04-19,-21.0
2019-04-20,23.0
2019-04-21,20.0
2019-04-22,22.0
2019-04-23,0.0
2019-04-24,-16.0
2019-04-25,15.0
2019-04-26,16.0
2019-04-27,29.0
2019-04-28,45.0
2019-04-29,61.0
2019-04-30,-4.0
2019-05-01,62.0
2019-05-02,19.0
2019-05-03,42.0
2019-05-04,53.0
2019-05-05,-1.0
2019-05-06,62.0
2019-05-07,42.0
2019-05-08,-17.0
2019-05-09,69.0
2019-05-10,67.0
2019-05-11,53.0
2019-05-12,23.0
2019-05-13,20.0
2019-05-14,39.0
2019-05-15,-38.0
2019-05-16,31.0
2019-05-17,28.0
2019-05-18,-31.0
2019-05-19,-19.0
2019-05-20,-18.0
2019-05-21,-22.0
2019-05-22,-55.0
2019-05-23,-52.0
2019-05-24,-38.0
2019-05-25,-16.0
2019-05-26,-34.0
2019-05-27,-35.0
2019-05-28,-14.0
2019-05-29,-48.0
2019-05-30,-11.0
2019-05-31,-26.0
2019-06-01,35.0
2019-06-02,12.0
2019-06-03,13.0
2019-06-04,13.0
2019-06-05,9.0
2019-06-06,4.0
2019-06-07,-11.0
2019-06-08,23.0
2019-06-09,9.0
2019-06-10,44.0
2019-06-11,18.0
2019-06-12,-13.0
2019-06-13,6.0
2019-06-14,-68.0
2019-06-15,-33.0
2019-06-16,7.0
2019-06-17,-16.0
2019-06-18,1.0
2019-06-19,-24.0
2019-06-20,-39.0
2019-06-21,-35.0
2019-06-22,1.0
2019-06-23,40.0
2019-06-24,15.0
2019-06-25,-1.0
2019-06-26,-2.0
2019-06-27,-24.0
2019-06-28,39.0
2019-06-29,27.0
2019-06-30,43.0
2019-07-01,80.0
2019-07-02,78.0
2019-07-03,24.0
2019-07-04,38.0
2019-07-05,34.0
2019-07-06,43.0
2019-07-07,40.0
2019-07-08,58.0
2019-07-09,16.0
2019-07-10,-7.0
2019-07-11,41.0
2019-07-12,2.0
2019-07-13,-52.0
2019-07-14,18.0
2019-07-15,-10.0
2019-07-16,33.0
2019-07-17,36.0
2019-07-18,66.0
2019-07-19,2.0
2019-07-20,85.0
2019-07-21,88.0
2019-07-22,65.0
2019-07-23,50.0
2019-07-24,68.0
2019-07-25,65.0
2019-07-26,13.0
2019-07-27,27.0
2019-07-28,36.0
2019-07-29,61.0
2019-07-30,7.0
2019-07-31,52.0
2019-08-01,42.0
2019-08-02,-13.0
2019-08-03,-39.0
2019-08-04,7.0
2019-08-05,8.0
2019-08-06,-13.0
2019-08-07,6.0
2019-08-08,22.0
2019-08-09,21.0
2019-08-10,44.0
2019-08-11,5.0
2019-08-12,36.0
2019-08-13,-10.0
2019-08-14,51.0
2019-08-15,8.0
2019-08-16,34.0
2019-08-17,30.0
2019-08-18,51.0
2019-08-19,61.0
2019-08-20,36.0
2019-08-21,56.0
2019-08-22,61.0
2019-08-23,-21.0
2019-08-24,31.0
2019-08-25,57.0
2019-08-26,27.0
2019-08-27,37.0
2019-08-28,-34.0
2019-08-29,12.0
2019-08-30,-19.0
2019-08-31,-19.0
2019-09-01,24.0
2019-09-02,2.0
2019-09-03,-4.0
2019-09-04,5.0
2019-09-05,23.0
2019-09-06,42.0
2019-09-07,-3.0
2019-09-08,10.0
2019-09-09,21.0
2019-09-10,-2.0
2019-09-11,23.0
2019-09-12,64.0
2019-09-13,57.0
2019-09-14,34.0
2019-09-15,16.0
2019-09-16,23.0
2019-09-17,4.0
2019-09-18,-12.0
2019-09-19,15.0
2019-09-20,21.0
2019-09-21,-2.0
2019-09-22,36.0
2019-09-23,31.0
2019-09-24,42.0
2019-09-25,30.0
2019-09-26,-16.0
2019-09-27,1.0
2019-09-28,24.0
2019-09-29,24.0
2019-09-30,-2.0
2019-10-01,49.0
2019-10-02,78.0
2019-10-03,69.0
2019-10-04,94.0
2019-10-05,40.0
2019-10-06,83.0
2019-10-07,100.0
2019-10-08,21.0
2019-10-09,-4.0
2019-10-10,13.0
2019-10-11,9.0
2019-10-12,31.0
2019-10-13,12.0
2019-10-14,5.0
2019-10-15,6.0
2019-10-16,-33.0
2019-10-17,3.0
2019-10-18,26.0
2019-10-19,-9.0
2019-10-20,13.0
2019-10-21,1.0
2019-10-22,-35.0
2019-10-23,25.0
2019-10-24,3.0
2019-10-25,14.0
2019-10-26,49.0
2019-10-27,3.0
2019-10-28,21.0
2019-10-29,-4.0
2019-10-30,-21.0
2019-10-31,-6.0
2019-11-01,-4.0
2019-11-02,-4.0
2019-11-03,44.0
2019-11-04,28.0
2019-11-05,-28.0
2019-11-06,46.0
2019-11-07,24.0
2019-11-08,14.0
2019-11-09,-24.0
2019-11-10,-2.0
2019-11-11,-20.0
2019-11-12,5.0
2019-11-13,-20.0
2019-11-14,-44.0
2019-11-15,-7.0
2019-11-16,-21.0
2019-11-17,-31.0
2019-11-18,-5.0
2019-11-19,5.0
2019-11-20,12.0
2019-11-21,-14.0
2019-11-22,40.0
2019-11-23,-71.0
2019-11-24,6.0
2019-11-25,0.0
2019-11-26,9.0
2019-11-27,43.0
2019-11-28,-19.0
2019-11-29,27.0
2019-11-30,11.0
2019-12-01,9.0
2019-12-02,-6.0
2019-12-03,56.0
2019-12-04,-8.0
2019-12-05,31.0
2019-12-06,17.0
2019-12-07,15.0
2019-12-08,16.0
2019-12-09,-20.0
2019-12-10,-18.0
2019-12-11,-34.0
2019-12-12,-11.0
2019-12-13,24.0
2019-12-14,1.0
2019-12-15,16.0
2019-12-16,73.0
2019-12-17,21.0
2019-12-18,49.0
2019-12-19,-17.0
2019-12-20,-12.0
2019-12-21,-19.0
2019-12-22,37.0
2019-12-23,16.0
2019-12-24,26.0
2019-12-25,58.0
2019-12-26,-1.0
2019-12-27,20.0
2019-12-28,33.0
2019-12-29,-8.0
2019-12-30,46.0
2019-12-31,32.0
2020-01-01,16.0
2020-01-02,45.0
2020-01-03,0.0
2020-01-04,43.0
2020-01-05,-27.0
2020-01-06,3.0
2020-01-07,-21.0
2020-01-08,33.0
2020-01-09,18.0
2020-01-10,12.0
2020-01-11,31.0
2020-01-12,58.0
2020-01-13,11.0
2020-01-14,59.0
2020-01-15,19.0
2020-01-16,0.0
2020-01-17,48.0
2020-01-18,36.0
2020-01-19,32.0
2020-01-20,6.0
2020-01-21,-7.0
2020-01-22,-18.0
2020-01-23,7.0
2020-01-24,-12.0
2020-01-25,-22.0
2020-01-26,-39.0
2020-01-27,1.0
2020-01-28,11.0
2020-01-29,38.0
2020-01-30,-16.0
2020-01-31,1.0
2020-02-01,3.0
2020-02-02,-23.0
2020-02-03,5.0
2020-02-04,4.0
2020-02-05,23.0
2020-02-06,44.0
2020-02-07,17.0
2020-02-08,-3.0
2020-02-09,-33.0
2020-02-10,-14.0
2020-02-11,17.0
2020-02-12,16.0
2020-02-13,28.0
2020-02-14,-3.0
2020-02-15,3.0
2020-02-16,-26.0
2020-02-17,-2.0
2020-02-18,7.0
2020-02-19,-22.0
2020-02-20,-27.0
2020-02-21,-51.0
2020-02-22,21.0
2020-02-23,-28.0
2020-02-24,-86.0
2020-02-25,14.0
2020-02-26,21.0
2020-02-27,-14.0
2020-02-28,-39.0
2020-02-29,-55.0
2020-03-01,-19.0
2020-03-02,-6.0
2020-03-03,-18.0
2020-03-04,23.0
2020-03-05,-2.0
2020-03-06,6.0
2020-03-07,71.0
2020-03-08,22.0
2020-03-09,-30.0
2020-03-10,44.0
2020-03-11,19.0
2020-03-12,40.0
2020-03-13,28.0
2020-03-14,26.0
2020-03-15,1.0
2020-03-16,-39.0
2020-03-17,-27.0
2020-03-18,-29.0
2020-03-19,11.0
2020-03-20,5.0
2020-03-21,44.0
2020-03-22,-33.0
2020-03-23,-20.0
2020-03-24,-40.0
2020-03-25,7.0
2020-03-26,-8.0
2020-03-27,-25.0
2020-03-28,-24.0
2020-03-29,1.0
2020-03-30,-15.0
2020-03-31,-49.0
2020-04-01,-4.0
2020-04-02,21.0
2020-04-03,7.0
2020-04-04,35.0
2020-04-05,10.0
2020-04-06,-17.0
2020-04-07,6.0
2020-04-08,-14.0
2020-04-09,17.0
2020-04-10,-33.0
2020-04-11,-8.0
2020-04-12,7.0
2020-04-13,-28.0
2020-04-14,35.0
2020-04-15,-7.0
2020-04-16,4.0
2020-04-17,35.0
2020-04-18,-18.0
2020-04-19,12.0
2020-04-20,-12.0
2020-04-21,-14.0
2020-04-22,18.0
2020-04-23,-34.0
2020-04-24,-5.0
2020-04-25,19.0
2020-04-26,12.0
2020-04-27,23.0
2020-04-28,7.0
2020-04-29,27.0
2020-04-30,36.0
2020-05-01,72.0
2020-05-02,23.0
2020-05-03,28.0
2020-05-04,47.0
2020-05-05,44.0
2020-05-06,-14.0
2020-05-07,51.0
2020-05-08,33.0
2020-05-09,56.0
2020-05-10,8.0
2020-05-11,36.0
2020-05-12,25.0
2020-05-13,38.0
2020-05-14,4.0
2020-05-15,23.0
2020-05-16,35.0
2020-05-17,17.0
2020-05-18,-7.0
2020-05-19,7.0
2020-05-20,53.0
2020-05-21,42.0
2020-05-22,40.0
2020-05-23,16.0
2020-05-24,-5.0
2020-05-25,15.0
2020-05-26,-10.0
2020-05-27,29.0
2020-05-28,22.0
2020-05-29,-29.0
2020-05-30,45.0
2020-05-31,41.0
2020-06-01,-11.0
2020-06-02,-16.0
2020-06-03,-43.0
2020-06-04,-5.0
2020-06-05,-10.0
2020-06-06,22.0
2020-06-07,40.0
2020-06-08,3.0
2020-06-09,31.0
2020-06-10,-31.0
2020-06-11,-9.0
2020-06-12,3.0
2020-06-13,18.0
2020-06-14,-40.0
2020-06-15,-20.0
2020-06-16,-27.0
2020-06-17,25.0
2020-06-18,38.0
2020-06-19,24.0
2020-06-20,-20.0
2020-06-21,9.0
2020-06-22,24.0
2020-06-23,30.0
2020-06-24,1.0
2020-06-25,30.0
2020-06-26,41.0
2020-06-27,40.0
2020-06-28,57.0
2020-06-29,34.0
2020-06-30,-23.0
2020-07-01,12.0
2020-07-02,23.0
2020-07-03,63.0
2020-07-04,37.0
2020-07-05,53.0
2020-07-06,61.0
2020-07-07,47.0
2020-07-08,16.0
2020-07-09,39.0
2020-07-10,37.0
2020-07-11,29.0
2020-07-12,28.0
2020-07-13,35.0
2020-07-14,6.0
2020-07-15,-30.0
2020-07-16,-5.0
2020-07-17,-6.0
2020-07-18,6.0
2020-07-19,13.0
2020-07-20,41.0
2020-07-21,8.0
2020-07-22,14.0
2020-07-23,15.0
2020-07-24,13.0
2020-07-25,-24.0
2020-07-26,-18.0
2020-07-27,-11.0
2020-07-28,-38.0
2020-07-29,-7.0
2020-07-30,45.0
2020-07-31,23.0
2020-08-01,-23.0
2020-08-02,21.0
2020-08-03,9.0
2020-08-04,33.0
2020-08-05,38.0
2020-08-06,21.0
2020-08-07,43.0
2020-08-08,28.0
2020-08-09,81.0
2020-08-10,11.0
2020-08-11,43.0
2020-08-12,15.0
2020-08-13,72.0
2020-08-14,34.0
2020-08-15,50.0
2020-08-16,59.0
2020-08-17,38.0
2020-08-18,52.0
2020-08-19,16.0
2020-08-20,8.0
2020-08-21,-2.0
2020-08-22,-15.0
2020-08-23,-13.0
2020-08-24,26.0
2020-08-25,-2.0
2020-08-26,-23.0
2020-08-27,24.0
2020-08-28,15.0
2020-08-29,37.0
2020-08-30,60.0
2020-08-31,18.0
2020-09-01,35.0
2020-09-02,41.0
2020-09-03,21.0
2020-09-04,51.0
2020-09-05,41.0
2020-09-06,27.0
2020-09-07,29.0
2020-09-08,10.0
2020-09-09,57.0
2020-09-10,46.0
2020-09-11,-23.0
2020-09-12,13.0
2020-09-13,-1.0
2020-09-14,29.0
2020-09-15,23.0
2020-09-16,11.0
2020-09-17,29.0
2020-09-18,23.0
2020-09-19,31.0
2020-09-20,57.0
2020-09-21,13.0
2020-09-22,63.0
2020-09-23,3.0
2020-09-24,3.0
2020-09-25,16.0
2020-09-26,40.0
2020-09-27,40.0
2020-09-28,-10.0
2020-09-29,-7.0
2020-09-30,-3.0
2020-10-01,-12.0
2020-10-02,6.0
2020-10-03,15.0
2020-10-04,31.0
2020-10-05,0.0
2020-10-06,29.0
2020-10-07,17.0
2020-10-08,17.0
2020-10-09,-2.0
2020-10-10,-9.0
2020-10-11,-1.0
2020-10-12,-52.0
2020-10-13,1.0
2020-10-14,-58.0
2020-10-15,-20.0
2020-10-16,-30.0
2020-10-17,-53.0
2020-10-18,-19.0
2020-10-19,-12.0
2020-10-20,-35.0
2020-10-21,-35.0
2020-10-22,-17.0
2020-10-23,-29.0
2020-10-24,-16.0
2020-10-25,-6.0
2020-10-26,-25.0
2020-10-27,-11.0
2020-10-28,-29.0
2020-10-29,-61.0
2020-10-30,-38.0
2020-10-31,-31.0
2020-11-01,34.0
2020-11-02,35.0
2020-11-03,-39.0
2020-11-04,-39.0
2020-11-05,-54.0
2020-11-06,-20.0
2020-11-07,-42.0
2020-11-08,-71.0
2020-11-09,-12.0
2020-11-10,12.0
2020-11-11,-1.0
2020-11-12,-13.0
2020-11-13,5.0
2020-11-14,-25.0
2020-11-15,-11.0
2020-11-16,-9.0
2020-11-17,-55.0
2020-11-18,-30.0
2020-11-19,-23.0
2020-11-20,-30.0
2020-11-21,-13.0
2020-11-22,22.0
2020-11-23,-11.0
2020-11-24,-25.0
2020-11-25,37.0
2020-11-26,16.0
2020-11-27,-16.0
2020-11-28,17.0
2020-11-29,-16.0
2020-11-30,1.0
2020-12-01,-46.0
2020-12-02,-52.0
2020-12-03,-40.0
2020-12-04,-28.0
2020-12-05,3.0
2020-12-06,-61.0
2020-12-07,-42.0
2020-12-08,15.0
2020-12-09,-28.0
2020-12-10,-19.0
2020-12-11,-34.0
2020-12-12,25.0
2020-12-13,-26.0
2020-12-14,4.0
2020-12-15,-53.0
2020-12-16,-70.0
2020-12-17,-47.0
2020-12-18,-31.0
2020-12-19,-39.0
2020-12-20,-7.0
2020-12-21,-3.0
2020-12-22,-60.0
2020-12-23,-31.0
2020-12-24,-54.0
2020-12-25,-13.0
2020-12-26,-37.0
2020-12-27,-1.0
2020-12-28,-10.0
2020-12-29,4.0
2020-12-30,-63.0
2020-12-31,-54.0
2021-01-01,-36.0
2021-01-02,-70.0
2021-01-03,-93.0
2021-01-04,-43.0
2021-01-05,-10.0
2021-01-06,-57.0
2021-01-07,-38.0
2021-01-08,-9.0
2021-01-09,-24.0
2021-01-10,33.0
2021-01-11,-71.0
2021-01-12,-68.0
2021-01-13,-6.0
2021-01-14,-39.0
2021-01-15,-22.0
2021-01-16,17.0
2021-01-17,-18.0
2021-01-18,-38.0
2021-01-19,17.0
2021-01-20,-45.0
2021-01-21,65.0
2021-01-22,90.0
2021-01-23,39.0
2021-01-24,-6.0
2021-01-25,-19.0
2021-01-26,-28.0
2021-01-27,-40.0
2021-01-28,-28.0
2021-01-29,-3.0
2021-01-30,2.0
2021-01-31,-6.0
2021-02-01,7.0
2021-02-02,56.0
2021-02-03,20.0
2021-02-04,-64.0
2021-02-05,5.0
2021-02-06,-43.0
2021-02-07,-2.0
2021-02-08,32.0
2021-02-09,24.0
2021-02-10,-1.0
2021-02-11,-26.0
2021-02-12,-15.0
2021-02-13,-21.0
2021-02-14,-15.0
2021-02-15,-43.0
2021-02-16,-30.0
2021-02-17,-24.0
2021-02-18,-4.0
2021-02-19,-5.0
2021-02-20,16.0
2021-02-21,27.0
2021-02-22,-1.0
2021-02-23,12.0
2021-02-24,20.0
2021-02-25,-54.0
2021-02-26,-7.0
2021-02-27,4.0
2021-02-28,-18.0
2021-03-01,52.0
2021-03-02,7.0
2021-03-03,11.0
2021-03-04,25.0
2021-03-05,-24.0
2021-03-06,-19.0
2021-03-07,3.0
2021-03-08,11.0
2021-03-09,-1.0
2021-03-10,6.0
2021-03-11,8.0
2021-03-12,37.0
2021-03-13,59.0
2021-03-14,-24.0
2021-03-15,24.0
2021-03-16,-25.0
2021-03-17,16.0
2021-03-18,-34.0
2021-03-19,10.0
2021-03-20,5.0
2021-03-21,5.0
2021-03-22,19.0
2021-03-23,12.0
2021-03-24,-9.0
2021-03-25,21.0
2021-03-26,19.0
2021-03-27,-10.0
2021-03-28,-20.0
2021-03-29,-13.0
2021-03-30,1.0
2021-03-31,-22.0
2021-04-01,42.0
2021-04-02,10.0
2021-04-03,61.0
2021-04-04,38.0
2021-04-05,6.0
2021-04-06,27.0
2021-04-07,22.0
2021-04-08,16.0
2021-04-09,26.0
2021-04-10,15.0
2021-04-11,22.0
2021-04-12,-1.0
2021-04-13,-6.0
2021-04-14,3.0
2021-04-15,14.0
2021-04-16,40.0
2021-04-17,50.0
2021-04-18,85.0
2021-04-19,52.0
2021-04-20,25.0
2021-04-21,35.0
2021-04-22,43.0
2021-04-23,30.0
2021-04-24,35.0
2021-04-25,36.0
2021-04-26,-2.0
2021-04-27,-9.0
2021-04-28,-6.0
2021-04-29,-8.0
2021-04-30,46.0
2021-05-01,36.0
2021-05-02,33.0
2021-05-03,-7.0
2021-05-04,4.0
2021-05-05,-31.0
2021-05-06,23.0
2021-05-07,6.0
2021-05-08,19.0
2021-05-09,-29.0
2021-05-10,-4.0
2021-05-11,-11.0
2021-05-12,11.0
2021-05-13,50.0
2021-05-14,-19.0
2021-05-15,37.0
2021-05-16,-8.0
2021-05-17,-39.0
2021-05-18,59.0
2021-05-19,53.0
2021-05-20,40.0
2021-05-21,14.0
2021-05-22,-3.0
2021-05-23,21.0
2021-05-24,49.0
2021-05-25,36.0
2021-05-26,74.0
2021-05-27,41.0
2021-05-28,43.0
2021-05-29,30.0
2021-05-30,60.0
2021-05-31,3.0
